Simple IDs,Exposure Container ID,Timing of Death,Pre-exposure container ID,Exposure Type,Exposure Start Date,Exposure duration,"Naïve, infected, or control animal?",Death Date,Batch,Notes,Erin IDs,Well_1,Well_2,Well_3,Status,MeanCopy,Well_1,Well_2,Well_3,Status,MeanCopy,MeanCopyFinal
MR284,EHS.SH.48.4,Euthanization,EHS4,Shared,7/11/21,48hr,Infected,7/13/21,2,,1,43334608,38110484,42625740,Pos,41356944,,,,,,41356944
MR211,ELS.SH.48.4,Euthanization,ELS6,Shared,7/11/21,48hr,Infected,7/13/21,2,,2,1088671.375,1137578.375,1131647.75,Pos,1119299.167,,,,,,1119299.167
MR285,AHS.SH.48.4,Euthanization,AHS7,Shared,7/11/21,48hr,Infected,7/13/21,2,,3,50143200,46063564,47071740,Pos,47759501.33,,,,,,47759501.33
MR210,ALS.SH.48.C,Euthanization,ALS6,Shared,7/11/21,48hr,Control (pseudo-infected),7/13/21,2,,4,762.8934326,750.4929199,802.8240967,Pos,772.0701497,,,,,,772.0701497
MR282,ELS.SQ.48.8,Euthanization,ELS6,Sequential,7/11/21,48hr,Infected,7/13/21,2,,5,1484131.875,1253634,1204502,Pos,1314089.292,,,,,,1314089.292
MR212,ELS.SH.48.7,Euthanization,ELS7,Shared,7/11/21,48hr,Infected,7/13/21,2,,6,13384569,10601291,11523638,Pos,11836499.33,,,,,,11836499.33
MR283,ALS.SH.48.6,Died during exposure,ALS3,Sequential,7/11/21,48hr,Infected,7/13/21,2,,7,12807790,12138424,11630371,Pos,12192195,,,,,,12192195
MR213,ALS.SH.48.7,Died after exposure,ALS8,Shared,7/11/21,48hr,Naive,7/18/21,2,,8,95695040,82905776,83114568,Pos,87238461.33,,,,,,87238461.33
MR133,ALS.SQ.48.5,Died after exposure,ALS15,Sequential,7/13/21,48hr,Naive,7/19/21,2,,9,38434.27734,36566.875,33507.22656,Pos,36169.45964,,,,,,36169.45964
MR165,EHS.SQ.48.5,Died after exposure,EHS9,Sequential,7/13/21,48hr,Naive,7/19/21,2,,11,12539592,12854464,11458144,Pos,12284066.67,,,,,,12284066.67
MR137,ELS.SH.12.C,Euthanization,ELS3,Shared,7/11/21,12hr,Control (pseudo-naive),7/16/21,2,,61,45.02565384,26.35859299,45.39323807,Pos,38.9258283,0,0,0,Neg,0,0
MR190,EHS.SH.12.C,Euthanization,EHS2,Shared,7/11/21,12hr,Control (pseudo-naive),7/16/21,2,,62,0,0,0,Neg,0,,,,,,0
MR180,AHS.SH.12.C,Euthanization,AHS9,Shared,7/11/21,12hr,Control (pseudo-naive),7/16/21,2,,63,0,0,0,Neg,0,,,,,,0
MR121,ALS.SH.12.C,Euthanization,ALS13,Shared,7/11/21,12hr,Control (pseudo-naive),7/16/21,2,,64,0,0,0,Neg,0,,,,,,0
MR135,ALS.SH.12.4,Euthanization,ALS5,Shared,7/11/21,12hr,Naive,7/16/21,2,,65,439204640,141453280,233206032,Pos,271287984,,,,,,271287984
MR140,ALS.SH.12.5,Euthanization,ALS8,Shared,7/11/21,12hr,Naive,7/16/21,2,,66,26847.02344,27505.79492,27264.375,Pos,27205.73112,,,,,,27205.73112
MR176,ALS.SH.12.6,Euthanization,ALS13,Shared,7/11/21,12hr,Naive,7/16/21,2,,67,2180967.75,2107146.25,2085459.375,Pos,2124524.458,,,,,,2124524.458
MR170,ALS.SH.12.7,Euthanization,ALS9,Shared,7/11/21,12hr,Naive,7/16/21,2,,68,64007544,66689536,61402076,Pos,64033052,,,,,,64033052
MR117,ALS.SH.1.5,Euthanization,ALS5,Shared,7/11/21,1hr,Naive,7/16/21,2,,69,86.13912964,79.34433746,110.7974548,Pos,92.09364065,,,,,,92.09364065
MR134,EHS.SH.1.4,Euthanization,EHS7,Shared,7/11/21,1hr,Naive,7/16/21,2,,70,1732986.25,1680380,1336159.25,Pos,1583175.167,,,,,,1583175.167
MR116,EHS.SH.1.5,Euthanization,EHS2,Shared,7/11/21,1hr,Naive,7/16/21,2,,71,55.95837784,63.61270523,56.51086044,Pos,58.69398117,,,,,,58.69398117
MR89,EHS.SH.1.6,Euthanization,EHS2,Shared,7/11/21,1hr,Naive,7/16/21,2,,72,30.1488266,82.51663971,49.65097809,Pos,54.10548147,,,,,,54.10548147
MR122,ALS.SH.1.4,Euthanization,ALS8,Shared,7/11/21,1hr,Naive,7/16/21,2,,73,413747.5625,401153.625,324160.4688,Pos,379687.2188,,,,,,379687.2188
MR11,ELS.SH.1.7,Euthanization,ELS3,Shared,7/11/21,1hr,Naive,7/16/21,2,,74,26.20630646,24.56932259,30.05074692,Pos,26.94212532,,,,,,26.94212532
MR175,ELS.SH.1.6,Euthanization,ELS10,Shared,7/11/21,1hr,Naive,7/16/21,2,,75,64.0457077,54.82595062,53.38921356,Pos,57.42029063,,,,,,57.42029063
MR114,AHS.SQ.48.C,Euthanization,AHS12,Sequential,7/13/21,48hr,Naive,7/20/21,2,,76,117.4210281,92.98249817,91.6902771,Pos,100.6979345,,,,,,100.6979345
MR191,ALS.SQ.48.C,Euthanization,ALS2,Sequential,7/13/21,48hr,Control (pseudo-naive),7/20/21,2,,77,0,0,0,Neg,0,,,,,,0
MR50,ALS.SQ.48.4,Euthanization,ALS15,Sequential,7/13/21,48hr,Naive,7/20/21,2,,78,248.6191559,245.2097168,225.1772919,Pos,239.6687215,,,,,,239.6687215
MR29,ALS.SQ.48.6,Euthanization,ALS2,Sequential,7/13/21,48hr,Naive,7/20/21,2,,79,27.46111679,66.57370758,71.65011597,Pos,55.22831345,,,,,,55.22831345
MR1,ELS.SQ.48.C,Euthanization,EHS9 (No more ELS frogs),Sequential,7/13/21,48hr,Control (pseudo-naive),7/20/21,2,,80,252.6855164,244.6822052,310.1464844,Pos,269.171402,0,0,0,Neg,0,0
MR48,ALS.SQ.48.7,Euthanization,ALS2,Sequential,7/13/21,48hr,Naive,7/20/21,2,,81,409.6756592,359.0410461,364.7192993,Pos,377.8120015,,,,,,377.8120015
MR34,EHS.SQ.48.4,Euthanization,EHS9,Sequential,7/13/21,48hr,Naive,7/20/21,2,,82,1039.096558,1009.162781,1081.137817,Pos,1043.132385,,,,,,1043.132385
MR79,EHS.SQ.48.6,Euthanization,EHS1,Sequential,7/13/21,48hr,Naive,7/20/21,2,,83,334.1399231,233.9066925,276.7645264,Pos,281.603714,,,,,,281.603714
MR166,ELS.SQ.48.4,Euthanization,ELS4,Sequential,7/13/21,48hr,Naive,7/20/21,2,,84,3719.70459,2838.429932,3262.180664,Pos,3273.438395,,,,,,3273.438395
MR95,ELS.SQ.48.5,Euthanization,ELS9,Sequential,7/13/21,48hr,Naive,7/20/21,2,,85,181.9039612,114.9606857,123.2888718,Pos,140.0511729,,,,,,140.0511729
MR167,ELS.SQ.48.6,Euthanization,ELS12,Sequential,7/13/21,48hr,Naive,7/20/21,2,,86,622.7211304,540.2060547,548.572998,Pos,570.500061,,,,,,570.500061
MR22,ELS.SQ.48.7,Euthanization,ELS4,Sequential,7/13/21,48hr,Naive,7/20/21,2,,87,846.9266968,683.8271484,750.4210205,Pos,760.3916219,,,,,,760.3916219
MR113,ELS.SQ.48.8,Euthanization,ELS4,Sequential,7/13/21,48hr,Naive,7/20/21,2,,88,152.062561,95.72075653,208.3081055,Pos,152.0304743,,,,,,152.0304743
MR128,ELS.SH.1.4,Euthanization,ELS11,Shared,7/11/21,1hr,Naive,7/16/21,2,,89,7827118.5,7227214.5,6930396.5,Pos,7328243.167,,,,,,7328243.167
MR120,ELS.SH.12.6,Euthanization,ELS10,Shared,7/11/21,12hr,Naive,7/16/21,2,,90,24833120,25554882,24390490,Pos,24926164,,,,,,24926164
MR168,AHS.SH.1.5,Euthanization,AHS9,Shared,7/11/21,1hr,Naive,7/16/21,2,,95,101604.4063,97210.11719,92440.73438,Pos,97085.08594,,,,,,97085.08594
MR187,AHS.SH.1.6,Euthanization,AHS9,Shared,7/11/21,1hr,Naive,7/16/21,2,,96,482.2929993,432.3643494,443.1001587,Pos,452.5858358,,,,,,452.5858358
MR31,ALS.SH.1.6,Euthanization,ALS6,Shared,7/11/21,1hr,Naive,7/16/21,2,,97,1213.30127,1325.735596,1291.223633,Pos,1276.753499,,,,,,1276.753499
MR115,AHS.SH.1.4,Euthanization,AHS10,Shared,7/11/21,1hr,Naive,7/16/21,2,,98,81464.53125,78134.40625,68932.375,Pos,76177.10417,,,,,,76177.10417
MR186,EHS.SH.12.4,Euthanization,EHS2,Shared,7/11/21,12hr,Naive,7/16/21,2,,99,440669.1563,352983.4688,312419.25,Pos,368690.625,,,,,,368690.625
MR2,EHS.SH.12.5,Euthanization,EHS7,Shared,7/11/21,12hr,Naive,7/16/21,2,,100,77451864,68271672,66509840,Pos,70744458.67,,,,,,70744458.67
MR12,AHS.SH.6.6,Euthanization,AHS10,Shared,7/11/21,6hr,Naive,7/16/21,2,,101,10615132,8357677,8816224,Pos,9263011,,,,,,9263011
MR77,AHS.SH.6.4,Euthanization,AHS10,Shared,7/11/21,6hr,Naive,7/16/21,2,,102,269366240,241099488,196984576,Pos,235816768,,,,,,235816768
MR83,ALS.SH.6.6,Euthanization,ALS9,Shared,7/11/21,6hr,Naive,7/16/21,2,,103,6477.572754,6432.859375,5611.174805,Pos,6173.868978,,,,,,6173.868978
MR91,AHS.SH.6.5,Euthanization,AHS9,Shared,7/11/21,6hr,Naive,7/16/21,2,,104,185345008,162821856,141306992,Pos,163157952,,,,,,163157952
MR52,ELS.SH.12.5,Euthanization,ELS3,Shared,7/11/21,12hr,Naive,7/16/21,2,,105,67674688,61652668,68627752,Pos,65985036,,,,,,65985036
MR81,AHS.SH.12.4,Euthanization,AHS10,Shared,7/11/21,12hr,Naive,7/16/21,2,,106,48438384,49704636,47077160,Pos,48406726.67,,,,,,48406726.67
MR70,AHS.SH.12.5,Euthanization,AHS9,Shared,7/11/21,12hr,Naive,7/16/21,2,,107,3494.041992,3090.526855,2974.876465,Pos,3186.481771,,,,,,3186.481771
MR98,AHS.SH.12.6,Euthanization,AHS10,Shared,7/11/21,12hr,Naive,7/16/21,2,,108,831.2497559,696.5847168,715.0698242,Pos,747.6347656,,,,,,747.6347656
MR161,EHS.SH.12.7,Euthanization,EHS7,Shared,7/11/21,12hr,Naive,7/16/21,2,,109,315143584,116193304,113870480,Pos,181735789.3,,,,,,181735789.3
MR193,EHS.SH.12.6,Euthanization,EHS2,Shared,7/11/21,12hr,Naive,7/16/21,2,,110,41784260,33600032,31830518,Pos,35738270,,,,,,35738270
MR189,ALS.SH.6.5,Euthanization,ALS13,Shared,7/11/21,6hr,Naive,7/16/21,2,,111,8370518.5,12022162,11199358,Pos,10530679.5,,,,,,10530679.5
MR162,ALS.SH.6.4,Euthanization,Missing data.,Shared,7/11/21,6hr,Naive,7/16/21,2,,112,56261748,41173188,43378184,Pos,46937706.67,,,,,,46937706.67
MR10,ELS.SH.12.4,Euthanization,ELS10,Shared,7/11/21,12hr,Naive,7/16/21,2,,113,51396164,53385544,49284504,Pos,51355404,,,,,,51355404
MR124,ELS.SH.1.5,Euthanization,ELS3,Shared,7/11/21,1hr,Naive,7/16/21,2,,114,714.8389893,518.7481079,553.8424683,Pos,595.8098551,,,,,,595.8098551
MR139,ELS.SH.6.4,Euthanization,ELS11,Shared,7/11/21,6hr,Naive,7/16/21,2,,115,1033.335327,962.8984985,1109.318481,Pos,1035.184102,,,,,,1035.184102
MR23,ELS.SH.6.5,Euthanization,ELS3,Shared,7/11/21,6hr,Naive,7/16/21,2,,116,5647614.5,5772467.5,5394422,Pos,5604834.667,,,,,,5604834.667
MR99,EHS.SH.6.7,Euthanization,EHS2,Shared,7/11/21,6hr,Naive,7/16/21,2,,117,721.7818604,754.8044434,610.9622192,Pos,695.8495076,,,,,,695.8495076
MR36,EHS.SH.6.5,Euthanization,EHS2,Shared,7/11/21,6hr,Naive,7/16/21,2,,118,274200.0938,264160.875,282210.7813,Pos,273523.9167,,,,,,273523.9167
MR125,EHS.SH.6.4,Euthanization,EHS7,Shared,7/11/21,6hr,Naive,7/16/21,2,,119,2828.401611,1792.012573,2136.259521,Pos,2252.224569,,,,,,2252.224569
MR18,EHS.SH.6.6,Euthanization,EHS7,Shared,7/11/21,6hr,Naive,7/16/21,2,,120,511.5018616,632.147644,591.7434082,Pos,578.4643046,,,,,,578.4643046
MR136,ALS.SQ.24.8,Euthanization,ALS12,Sequential,7/12/21,24hr,Naive,7/19/21,2,,121,12079039,11365875,12033713,Pos,11826209,,,,,,11826209
MR32,AHS.SQ.24.4,Euthanization,AHS6,Sequential,7/12/21,24hr,Naive,7/19/21,2,,122,446.3840027,425.2211914,499.6159363,Pos,457.0737101,,,,,,457.0737101
MR19,AHS.SQ.24.6,Euthanization,AHS12,Sequential,7/12/21,24hr,Naive,7/19/21,2,,123,4252.563965,4076.922119,4067.424805,Pos,4132.30363,,,,,,4132.30363
MR138,ELS.SH.6.6,Euthanization,ELS10,Shared,7/11/21,6hr,Naive,7/16/21,2,,124,186.2019806,208.1460724,198.1664581,Pos,197.504837,,,,,,197.504837
MR126,ELS.SH.24.7,Euthanization,ELS6,Shared,7/11/21,24hr,Infected,7/12/21,2,,125,4352431,3899625.5,3471411.25,Pos,3907822.583,,,,,,3907822.583
MR4,ELS.SH.24.5,Euthanization,ELS6,Shared,7/11/21,24hr,Infected,7/12/21,2,,126,244.3318329,261.8478394,252.9236755,Pos,253.0344493,,,,,,253.0344493
MR119,ELS.SH.24.4,Euthanization,ELS7 (From ELS.SQ.24.6),Shared,7/11/21,24hr,Infected,7/12/21,2,,127,57030772,40032192,39472716,Pos,45511893.33,,,,,,45511893.33
MR179,EHS.SH.24.7,Euthanization,EHS6,Shared,7/11/21,24hr,Infected,7/12/21,2,,128,16312637,14930377,17000908,Pos,16081307.33,,,,,,16081307.33
MR177,EHS.SH.24.6,Euthanization,EHS5,Shared,7/11/21,24hr,Infected,7/12/21,2,,129,7108020,5842606.5,6789229.5,Pos,6579952,,,,,,6579952
MR106,EHS.SH.24.5,Euthanization,EHS4,Shared,7/11/21,24hr,Infected,7/12/21,2,,130,2440690,2729127,2914453.25,Pos,2694756.75,,,,,,2694756.75
MR35,AHS.SH.24.5,Euthanization,AHS2,Shared,7/11/21,24hr,Infected,7/12/21,2,,131,7422087,6859379,7127071.5,Pos,7136179.167,,,,,,7136179.167
MR20,AHS.SH.24.4,Euthanization,AHS2,Shared,7/11/21,24hr,Infected,7/12/21,2,,132,6533453.5,6626682.5,6030429,Pos,6396855,,,,,,6396855
MR5,ALS.SH.24.8,Euthanization,ALS6,Shared,7/11/21,24hr,Infected,7/12/21,2,,133,7267841,7685910,7718317,Pos,7557356,,,,,,7557356
MR13,ALS.SH.24.7,Euthanization,ALS11,Shared,7/11/21,24hr,Infected,7/12/21,2,,134,1480.829102,1432.355469,1367.598022,Pos,1426.927531,,,,,,1426.927531
MR15,ALS.SH.24.5,Euthanization,ALS9,Shared,7/11/21,24hr,Infected,7/12/21,2,,135,4425.617188,4269.756348,3965.458008,Pos,4220.277181,,,,,,4220.277181
MR7,EHS.SQ.12.7,Euthanization,EHS9,Sequential,7/11/21,12hr,Naive,7/18/21,2,,136,256.8647156,152.7991333,220.2934418,Pos,209.9857635,,,,,,209.9857635
MR16,EHS.SQ.12.6,Euthanization,EHS8,Sequential,7/11/21,12hr,Naive,7/18/21,2,,137,78102648,75603072,69701616,Pos,74469112,,,,,,74469112
MR6,ALS.SQ.12.7,Euthanization,ALS15,Sequential,7/11/21,12hr,Naive,7/18/21,2,,138,42632.96094,40994.17188,39962.86328,Pos,41196.66536,,,,,,41196.66536
MR9,ALS.SQ.12.6,Euthanization,ALS2,Sequential,7/11/21,12hr,Naive,7/18/21,2,,139,457.6743164,499.3656311,456.3749695,Pos,471.1383057,,,,,,471.1383057
MR67,AHS.SQ.12.5,Euthanization,AHS11,Sequential,7/11/21,12hr,Naive,7/18/21,2,,140,549.6098022,572.3706055,595.5797119,Pos,572.5200399,,,,,,572.5200399
MR71,ALS.SQ.12.5,Euthanization,ALS2,Sequential,7/11/21,12hr,Naive,7/18/21,2,,141,79.26692963,199.700058,247.9705963,Pos,175.6458613,,,,,,175.6458613
MR92,ALS.SQ.12.4,Euthanization,ALS14,Sequential,7/11/21,12hr,Naive,7/18/21,2,,142,63.20947266,62.9527092,0,Pos,42.05406062,,,,,,42.05406062
MR73,AHS.SQ.12.6,Euthanization,AHS12,Sequential,7/11/21,12hr,Naive,7/18/21,2,,143,347.8031311,409.501709,369.0855713,Pos,375.4634705,,,,,,375.4634705
MR107,AHS.SQ.12.C,Euthanization,AHS6,Sequential,7/11/21,12hr,Control (pseudo-naive),7/18/21,2,,144,0,0,0,Neg,0,,,,,,0
MR82,ALS.SQ.12.C,Euthanization,ALS12,Sequential,7/11/21,12hr,Control (pseudo-naive),7/18/21,2,,145,0,0,0,Neg,0,,,,,,0
MR78,EHS.SQ.12.C,Euthanization,EHS1,Sequential,7/11/21,12hr,Control (pseudo-naive),7/18/21,2,,146,0,0,0,Neg,0,,,,,,0
MR75,ALS.SQ.6.6,Euthanization,ALS12,Sequential,7/11/21,6hr,Naive,7/18/21,2,,147,721.5527954,530.1767578,469.2949524,Pos,573.6748352,,,,,,573.6748352
MR97,ELS.SQ.12.C,Euthanization,ELS9,Sequential,7/11/21,12hr,Control (pseudo-naive),7/18/21,2,,148,0,0,0,Neg,0,,,,,,0
MR64,ELS.SQ.12.6,Euthanization,ELS9,Sequential,7/11/21,12hr,Naive,7/18/21,2,,149,208.7015228,64.3819809,260.3071594,Pos,177.7968877,,,,,,177.7968877
MR94,ELS.SQ.12.4,Euthanization,ELS4,Sequential,7/11/21,12hr,Naive,7/18/21,2,,150,193.4955292,239.1187134,222.4542999,Pos,218.3561808,,,,,,218.3561808
MR65,AHS.SQ.12.4,Euthanization,AHS8,Sequential,7/11/21,12hr,Naive,7/18/21,2,,151,117.9855576,138.9648285,109.159874,Pos,122.0367533,,,,,,122.0367533
MR169,ALS.SH.48.4,Euthanization,ALS8,Shared,7/11/21,48hr,Naive,7/18/21,2,,152,386.8874817,362.2008057,321.349823,Pos,356.8127035,,,,,,356.8127035
MR76,ALS.SH.48.5,Euthanization,ALS13,Shared,7/11/21,48hr,Naive,7/18/21,2,,153,49279140,71657752,49061748,Pos,56666213.33,,,,,,56666213.33
MR150,AHS.SH.48.5,Euthanization,AHS9,Shared,7/11/21,48hr,Naive,7/18/21,2,,154,46497.69531,46739.28516,44836.10938,Pos,46024.36328,,,,,,46024.36328
MR154,AHS.SQ.6.4,Euthanization,NAHS.SQ.6.4,Sequential,7/11/21,6hr,Naive,7/18/21,2,,155,203.7468262,226.2852173,198.9133911,Pos,209.6484782,,,,,,209.6484782
MR152,EHS.SH.48.6,Euthanization,EHS7,Shared,7/11/21,48hr,Naive,7/18/21,2,,156,125591560,131269168,122135608,Pos,126332112,,,,,,126332112
MR153,AHS.SQ.6.6,Euthanization,AHS12,Sequential,7/11/21,6hr,Naive,7/18/21,2,,157,11527981,11367662,13164098,Pos,12019913.67,,,,,,12019913.67
MR221,ELS.SH.48.7,Euthanization,ELS10,Shared,7/11/21,48hr,Naive,7/18/21,2,,158,22020938,23115118,22077758,Pos,22404604.67,,,,,,22404604.67
MR220,ELS.SQ.6.5,Euthanization,ELS13,Sequential,7/11/21,6hr,Naive,7/18/21,2,,159,189.6502686,195.4753265,218.6660156,Pos,201.2638702,,,,,,201.2638702
MR219,ALS.SQ.1.5,Euthanization,ALS11,Sequential,7/11/21,1hr,Naive,7/18/21,2,,160,967.6000977,1034.331299,1016.900574,Pos,1006.277323,,,,,,1006.277323
MR217,AHS.SQ.1.6,Euthanization,AHS5,Sequential,7/11/21,1hr,Naive,7/18/21,2,,161,126.4900284,120.2702179,101.2173309,Pos,115.9925257,,,,,,115.9925257
MR215,ELS.SQ.1.7,Euthanization,ELS5,Sequential,7/11/21,1hr,Naive,7/18/21,2,,162,268.9130249,308.364563,282.9200745,Pos,286.7325541,,,,,,286.7325541
MR216,ELS.SQ.1.4,Euthanization,ELS13,Sequential,7/11/21,1hr,Naive,7/18/21,2,,163,29.90102196,34.09463882,37.51104355,Pos,33.83556811,,,,,,33.83556811
MR203,ELS.SQ.1.6,Euthanization,ELS7,Sequential,7/11/21,1hr,Naive,7/18/21,2,,164,16.65756226,38.38359451,0,Pos,18.34705226,,,,,,18.34705226
MR197,ELS.SQ.1.5,Euthanization,ELS4,Sequential,7/11/21,1hr,Naive,7/18/21,2,,165,5180.581543,5114.467285,4147.188477,Pos,4814.079102,,,,,,4814.079102
MR214,ALS.SQ.6.4,Euthanization,ALS2,Sequential,7/11/21,6hr,Naive,7/18/21,2,,166,265.9283752,297.6120605,341.6037292,Pos,301.7147217,,,,,,301.7147217
MR207,ALS.SQ.6.5,Euthanization,ALS2,Sequential,7/11/21,6hr,Naive,7/18/21,2,,167,1256538.125,1170063.25,1199097.625,Pos,1208566.333,,,,,,1208566.333
MR198,EHS.SQ.1.4,Euthanization,EHS1,Sequential,7/11/21,1hr,Naive,7/18/21,2,,168,82.746315,147.5641022,131.9537354,Pos,120.7547175,,,,,,120.7547175
MR251,ELS.SQ.6.6,Euthanization,ELS4,Sequential,7/11/21,6hr,Naive,7/18/21,2,,169,63.23091507,58.89744949,53.22476959,Pos,58.45104472,,,,,,58.45104472
MR223,EHS.SQ.6.6,Euthanization,EHS8,Sequential,7/11/21,6hr,Naive,7/18/21,2,,170,349.4367676,350.8625488,382.4353943,Pos,360.9115702,,,,,,360.9115702
MR199,EHS.SQ.6.5,Euthanization,EHS9,Sequential,7/11/21,6hr,Naive,7/18/21,2,,171,196.5948029,187.1786041,178.9850311,Pos,187.586146,,,,,,187.586146
MR204,EHS.SQ.6.4,Euthanization,EHS4,Sequential,7/11/21,6hr,Naive,7/18/21,2,,172,190.1506348,191.749588,238.3306885,Pos,206.7436371,,,,,,206.7436371
MR224,EHS.SQ.6.7,Euthanization,EHS1,Shared,7/11/21,6hr,Naive,7/18/21,2,,173,101.5814972,103.0554047,110.4191742,Pos,105.018692,,,,,,105.018692
MR205,EHS.SH.12.4,Euthanization,EHS4,Shared,7/11/21,12hr,Infected,7/11/21,2,,174,508083.0938,539636.5,548092.4375,Pos,531937.3438,,,,,,531937.3438
MR206,EHS.SH.12.7,Euthanization,EHS5,Shared,7/11/21,12hr,Infected,7/11/21,2,,175,894230.9375,919483.9375,796200.5625,Pos,869971.8125,,,,,,869971.8125
MR249,AHS.SH.12.5,Euthanization,AHS7,Shared,7/11/21,12hr,Infected,7/11/21,2,,176,2916769.5,2907205.75,2226456,Pos,2683477.083,,,,,,2683477.083
MR250,ALS.SH.12.4,Euthanization,ALS11,Shared,7/11/21,12hr,Infected,7/11/21,2,,177,38197.51172,44531.76172,33972.76563,Pos,38900.67969,,,,,,38900.67969
MR218,AHS.SH.12.6,Euthanization,AHS1,Shared,7/11/21,12hr,Infected,7/11/21,2,,178,2111986.75,2574109.5,1976790.125,Pos,2220962.125,,,,,,2220962.125
MR201,EHS.SH.12.5,Euthanization,EHS4,Shared,7/11/21,12hr,Infected,7/11/21,2,,179,3837907.25,3615155.25,3701325.5,Pos,3718129.333,,,,,,3718129.333
MR202,EHS.SH.12.6,Euthanization,EHS4,Shared,7/11/21,12hr,Infected,7/11/21,2,,180,2356628.75,2365290.5,2454550,Pos,2392156.417,,,,,,2392156.417
MR200,EHS.SH.6.6,Euthanization,EHS5,Shared,7/11/21,6hr,Infected,7/11/21,2,,181,682109.6875,690750,637673.375,Pos,670177.6875,,,,,,670177.6875
MR209,ELS.SH.6.6,Euthanization,ELS7,Shared,7/11/21,6hr,Infected,7/11/21,2,,182,2813898.75,2902343.75,2650605,Pos,2788949.167,,,,,,2788949.167
MR192,ELS.SH.6.5,Euthanization,ELS6,Shared,7/11/21,6hr,Infected,7/11/21,2,,183,91428.48438,93375.51563,83100.21094,Pos,89301.40365,,,,,,89301.40365
MR208,AHS.SH.12.4,Euthanization,AHS2,Shared,7/11/21,12hr,Infected,7/11/21,2,,184,486116.0938,569556.0625,462712.7188,Pos,506128.2917,,,,,,506128.2917
MR241,ALS.SH.12.6,Euthanization,ALS3,Shared,7/11/21,12hr,Infected,7/11/21,2,,185,1428665.375,1360274.625,1363439.125,Pos,1384126.375,,,,,,1384126.375
MR225,AHS.SH.1.5,Euthanization,AHS5,Shared,7/11/21,1hr,Infected,7/11/21,2,,186,1208.094,1225.089,1017.734,Pos,1150.305667,,,,,,1150.305667
MR240,EHS.SH.48.2,Died after exposure,TEHS,Shared,6/27/21,48hr,Naive,7/4/21,1,,186,171697.9688,145070.9219,144926.0938,Pos,153898.3281,,,,,,153898.3281
MR226,AHS.SH.1.6,Euthanization,AHS5,Shared,7/11/21,1hr,Infected,7/11/21,2,,187,469.9671326,530.8149414,522.1696167,Pos,507.6505636,,,,,,507.6505636
MR222,ELS.SH.1.4,Euthanization,ELS7,Shared,7/11/21,1hr,Infected,7/11/21,2,,188,437.7193909,369.719696,411.0594788,Pos,406.1661886,,,,,,406.1661886
MR245,ELS.SH.1.6,Euthanization,ELS2,Shared,7/11/21,1hr,Infected,7/11/21,2,,189,1721697.75,1601415.375,1584584,Pos,1635899.042,,,,,,1635899.042
MR246,ELS.SH.1.5,Euthanization,ELS7,Shared,7/11/21,1hr,Infected,7/11/21,2,,190,4514620,4058820,4377217.5,Pos,4316885.833,,,,,,4316885.833
MR238,ALS.SH.6.5,Euthanization,ALS9,Shared,7/11/21,6hr,Infected,7/11/21,2,,191,62255.16797,58910.23438,60073.51953,Pos,60412.97396,,,,,,60412.97396
MR244,ELS.SH.12.5,Euthanization,ELS2,Shared,7/11/21,12hr,Infected,7/11/21,2,,192,1436588.125,1515916.375,1422175,Pos,1458226.5,,,,,,1458226.5
MR239,ELS.SH.12.6,Euthanization,ELS2,Shared,7/11/21,12hr,Infected,7/11/21,2,,193,137045.8906,132562.2813,134029.9219,Pos,134546.0313,,,,,,134546.0313
MR247,ALS.SH.1.6,Euthanization,ALS3,Shared,7/11/21,1hr,Infected,7/11/21,2,,194,713815,685282.6875,23722586112,Pos,7907995070,,,,,,7907995070
MR248,ALS.SH.1.5,Euthanization,ALS11,Shared,7/11/21,1hr,Infected,7/11/21,2,,195,159367.625,145050.9063,157000.5625,Pos,153806.3646,,,,,,153806.3646
MR357,ELS.SH.6.4,Euthanization,ELS6,Shared,7/11/21,6hr,Infected,7/11/21,2,,196,270728.8438,262680.5938,265381.3438,Pos,266263.5938,,,,,,266263.5938
MR354,ALS.SH.1.4,Euthanization,ALS9,Shared,7/11/21,1hr,Infected,7/11/21,2,,197,13430.37793,12924.99219,12396.33594,Pos,12917.23535,,,,,,12917.23535
MR355,EHS.SH.1.6,Euthanization,EHS5,Shared,7/11/21,1hr,Infected,7/11/21,2,,198,5418301,5280470.5,5119346.5,Pos,5272706,,,,,,5272706
MR356,EHS.SH.6.7,Euthanization,EHS6,Shared,7/11/21,6hr,Infected,7/11/21,2,,199,188.1857758,187.0544891,181.6575928,Pos,185.6326192,,,,,,185.6326192
MR359,ELS.SH.12.4,Euthanization,ELS2,Shared,7/11/21,12hr,Infected,7/11/21,2,,200,328821.8438,327990.9688,324710.5625,Pos,327174.4583,,,,,,327174.4583
MR340,EHS.SH.1.5,Euthanization,EHS5,Shared,7/11/21,1hr,Infected,7/11/21,2,,201,1020.692,1140.701,1098.729,Pos,1086.707333,,,,,,1086.707333
MR352,AHS.SH.1.4,Euthanization,AHS2,Shared,7/11/21,1hr,Infected,7/11/21,2,,202,119.27402,98.23801,143.502,Pos,120.33801,,,,,,120.33801
MR351,AHS.SH.6.4,Euthanization,AHS2,Shared,7/11/21,6hr,Infected,7/11/21,2,,203,635.981,659.021,704.382,Pos,666.4613333,,,,,,666.4613333
MR341,EHS.SH.1.4,Euthanization,EHS6,Shared,7/11/21,1hr,Infected,7/11/21,2,,204,438.626,481.9,488.77,Pos,469.7653333,,,,,,469.7653333
MR343,ELS.SH.1.7,Euthanization,ELS2,Shared,7/11/21,1hr,Infected,7/11/21,2,,205,474.8930054,486.5169067,431.3370361,Pos,464.2489827,,,,,,464.2489827
MR342,AHS.SH.6.6,Euthanization,AHS1,Shared,7/11/21,6hr,Infected,7/11/21,2,,206,157507.2969,150439.2656,146701.5781,Pos,151549.3802,,,,,,151549.3802
MR344,AHS.SH.6.5,Euthanization,AHS1,Shared,7/11/21,6hr,Infected,7/11/21,2,,207,1807624.25,1829646.5,1797056,Pos,1811442.25,,,,,,1811442.25
MR338,ALS.SH.6.4,Euthanization,ALS6,Shared,7/11/21,6hr,Infected,7/11/21,2,,208,9374952,6463461.5,5845670,Pos,7228027.833,,,,,,7228027.833
MR339,ALS.SH.6.6,Euthanization,ALS7,Shared,7/11/21,6hr,Infected,7/11/21,2,,209,91748.75781,90571.91406,88864.53906,Pos,90395.07031,,,,,,90395.07031
MR358,EHS.SH.6.4,Euthanization,EHS6,Shared,7/11/21,6hr,Infected,7/11/21,2,,210,13549241,13352203,14867285,Pos,13922909.67,,,,,,13922909.67
MR333,EHS.SH.6.5,Euthanization,EHS4,Shared,7/11/21,6hr,Infected,7/11/21,2,,211,90095.17188,80731.07813,78065.66406,Pos,82963.97135,,,,,,82963.97135
MR350,ELS.SQ.24.3,Euthanization,ELS1,Sequential,6/28/21,24hr,Naive,7/5/21,1,,212,352.8395691,384.30896,443.9393616,Pos,393.6959635,,,,,,393.6959635
MR332,EHS.SQ.24.1,Euthanization,EHS3,Sequential,6/28/21,24hr,Naive,7/5/21,1,,213,2952.524902,2517.177002,2514.914063,Pos,2661.538656,,,,,,2661.538656
MR349,ELS.SQ.24.2,Euthanization,ELS1,Sequential,6/28/21,24hr,Naive,7/5/21,1,,214,750.5515137,668.276123,675.4163208,Pos,698.0813192,,,,,,698.0813192
MR331,EHS.SQ.24.3,Euthanization,EHS3,Sequential,6/28/21,24hr,Naive,7/5/21,1,,215,994.5020752,891.7925415,863.2980347,Pos,916.5308838,,,,,,916.5308838
MR330,AHS.SH.6.1,Euthanization,TAHS,Shared,6/27/21,6hr,Naive,7/2/21,1,,216,541.982605,416.9806213,416.78125,Pos,458.5814921,,,,,,458.5814921
MR329,AHS.SQ.48.2,Euthanization,AHS2,Sequential,6/29/21,48hr,Naive,7/6/21,1,,217,98.64918518,76.97979736,76.02228546,Pos,83.883756,,,,,,83.883756
MR360,ALS.SH.1.2,Euthanization,NALS.SH.1.2,Shared,6/27/21,1hr,Naive,7/2/21,1,,218,380.1234436,336.2917786,441.5918884,Pos,386.0023702,,,,,,386.0023702
MR369,AHS.SH.12.3,Euthanization,TAHS,Shared,6/27/21,12hr,Naive,7/2/21,1,,219,848.7004395,1062.97229,940.7147827,Pos,950.7958374,,,,,,950.7958374
MR370,ALS.SH.1.1,Euthanization,NALS.SH.1.1,Shared,6/27/21,1hr,Naive,7/2/21,1,,220,152.4938049,149.5870209,83.37506866,Pos,128.4852982,,,,,,128.4852982
MR371,ALS.SH.12.3,Euthanization,TALS,Shared,6/27/21,12hr,Naive,7/2/21,1,,221,103.6263199,118.056839,148.2606049,Pos,123.3145879,,,,,,123.3145879
MR353,AHS.SH.6.2,Euthanization,TAHS,Shared,6/27/21,6hr,Naive,7/2/21,1,,222,2621.960693,2855.987305,2655.423096,Pos,2711.123698,,,,,,2711.123698
MR372,EHS.SH.6.1,Euthanization,TEHS,Shared,6/27/21,6hr,Naive,7/2/21,1,,223,80.3792572,105.8281403,54.1734848,Pos,80.12696075,,,,,,80.12696075
MR373,ALS.SH.6.1,Euthanization,TALS,Shared,6/27/21,6hr,Naive,7/2/21,1,,225,34.59026718,106.7096405,22.88014221,Pos,54.7266833,,,,,,54.7266833
MR374,EHS.SH.24.2,Euthanization,TEHS,Shared,6/27/21,24hr,Naive,7/3/21,1,,226,675.381897,788.6802368,712.0095215,Pos,725.3572184,,,,,,725.3572184
MR362,EHS.SH.1.2,Euthanization,NEHS.SH.1.2,Shared,6/27/21,1hr,Naive,7/2/21,1,,227,167.7681885,156.3377533,167.102005,Pos,163.7359823,,,,,,163.7359823
MR363,ELS.SH.12.2,Euthanization,TELS,Shared,6/27/21,12hr,Naive,7/2/21,1,,228,21.65558052,19.7792778,0,Pos,13.81161944,,,,,,13.81161944
MR364,AHS.SH.1.3,Euthanization,NAHS.SH.1.3,Shared,6/27/21,1hr,Naive,7/2/21,1,,229,127875.8828,120903.9766,111970.8125,Pos,120250.224,,,,,,120250.224
MR361,ELS.SH.1.1,Euthanization,NELS.SH.1.1,Shared,6/27/21,1hr,Naive,7/2/21,1,,230,385.6425476,454.1089478,441.1376038,Pos,426.963033,,,,,,426.963033
MR365,ALS.SH.1.3,Euthanization,ALSV,Shared,6/27/21,1hr,Infected,6/27/21,1,,231,62.95294571,30.63336182,205.1559143,Pos,99.58074061,,,,,,99.58074061
MR366,EHS.SH.1.1,Euthanization,EHSV,Shared,6/27/21,1hr,Infected,6/27/21,1,,232,10922.08301,8810.493164,8135.732422,Pos,9289.436198,,,,,,9289.436198
MR367,EHS.SH.6.2,Euthanization,EHSV,Shared,6/27/21,6hr,Infected,6/27/21,1,,233,161.2613068,132.8287964,141.5624542,Pos,145.2175191,,,,,,145.2175191
MR368,EHS.SH.1.2,Euthanization,EHSV,Shared,6/27/21,1hr,Infected,6/27/21,1,,234,1099.93689,993.8094482,1390.532227,Pos,1161.426188,,,,,,1161.426188
MR235,EHS.SH.6.1,Euthanization,EHSV,Shared,6/27/21,6hr,Infected,6/27/21,1,,235,164.9746399,259.5616455,133.4914551,Pos,186.0092468,,,,,,186.0092468
MR236,ALS.SH.6.2,Euthanization,ALSV,Shared,6/27/21,6hr,Infected,6/27/21,1,,236,675101.625,674461.625,655886.125,Pos,668483.125,,,,,,668483.125
MR237,AHS.SH.1.3,Euthanization,AHSV,Shared,6/27/21,1hr,Infected,6/27/21,1,,237,828.954,892.002,904.626,Pos,875.194,,,,,,875.194
MR233,AHS.SH.6.3,Euthanization,AHSV,Shared,6/27/21,6hr,Infected,6/27/21,1,,238,3029.438,3201.729,3096.295,Pos,3109.154,,,,,,3109.154
MR234,ELS.SH.12.1,Euthanization,ELSV,Shared,6/27/21,12hr,Infected,6/27/21,1,,239,880404.4375,746422.0625,766906.3125,Pos,797910.9375,,,,,,797910.9375
MR230,EHS.SH.24.1,Euthanization,TEHS,Shared,6/27/21,24hr,Naive,7/3/21,1,,240,782073.25,769351.1875,737787.3125,Pos,763070.5833,,,,,,763070.5833
MR231,ALS.SQ.12.3,Euthanization,ALS10,Sequential,6/27/21,12hr,Naive,7/4/21,1,,247,131.2956238,196.8575592,234.9637451,Pos,187.7056427,,,,,,187.7056427
MR232,ELS.SQ.12.2,Euthanization,ELS1,Sequential,6/27/21,12hr,Naive,7/4/21,1,,248,62.25915527,29.31884003,21.96389198,Pos,37.84729576,,,,,,37.84729576
MR227,AHS.SQ.1.1,Euthanization,AHS4,Sequential,6/27/21,1hr,Naive,7/4/21,1,,249,37.79331589,52.28839111,37.23366547,Pos,42.43845749,,,,,,42.43845749
MR228,AHS.SH.1.2,Euthanization,AHSV,Shared,6/27/21,1hr,Infected,6/27/21,1,,250,129.5477448,206.2043915,189.3859558,Pos,175.0460307,,,,,,175.0460307
MR229,EHS.SH.48.1,Euthanization,TEHS,Shared,6/27/21,48hr,Naive,7/4/21,1,,251,24816398,36851868,44939804,Pos,35536023.33,,,,,,35536023.33
MR296,AHS.SQ.6.1,Euthanization,AHS4,Sequential,6/27/21,6hr,Naive,7/4/21,1,,252,53.06546402,153.3637695,173.0300903,Pos,126.4864413,,,,,,126.4864413
MR375,AHS.SH.6.1,Euthanization,AHSV,Shared,6/27/21,6hr,Infected,6/27/21,1,,253,17123.08398,18370.24219,17812.5332,Pos,17768.61979,,,,,,17768.61979
MR377,ALS.SH.12.1,Euthanization,ALSV,Shared,6/27/21,12hr,Infected,6/27/21,1,,254,277.5966492,303.1237793,262.884552,Pos,281.2016602,,,,,,281.2016602
MR378,EHS.SQ.6.2,Euthanization,EHS5,Sequential,6/27/21,6hr,Naive,7/4/21,1,,255,211.3116913,180.3654175,174.6955109,Pos,188.7908732,,,,,,188.7908732
MR295,AHS.SH.6.2,Euthanization,AHSV,Shared,6/27/21,6hr,Infected,6/27/21,1,,256,225.4024963,207.57547,234.4299469,Pos,222.4693044,,,,,,222.4693044
MR293,AHS.SH.48.3,Euthanization,NAHS.SH.48.3,Shared,6/27/21,48hr,Naive,7/4/21,1,,257,41.27698898,47.59184265,55.426548,Pos,48.09845988,,,,,,48.09845988
MR292,ELS.SH.12.2,Euthanization,ELSV,Shared,6/27/21,12hr,Infected,6/27/21,1,,258,177034.0469,171690.7656,183021.7031,Pos,177248.8385,,,,,,177248.8385
MR294,ALS.SH.12.1,Euthanization,TALS,Shared,6/27/21,12hr,Naive,7/2/21,1,,259,248.8046112,245.431839,251.2388611,Pos,248.4917704,,,,,,248.4917704
MR297,ELS.SH.6.1,Euthanization,ELSV,Shared,6/27/21,6hr,Infected,6/27/21,1,,260,239272.4688,232573.4219,233013.0469,Pos,234952.9792,,,,,,234952.9792
MR298,AHS.SQ.6.2,Euthanization,AHS4,Sequential,6/27/21,6hr,Naive,7/4/21,1,,261,1084.296143,1054.274536,1076.600708,Pos,1071.723796,,,,,,1071.723796
MR280,AHS.SH.48.1,Euthanization,TAHS,Shared,6/27/21,48hr,Naive,7/4/21,1,,262,579.7386475,544.6762695,706.7744751,Pos,610.396464,,,,,,610.396464
MR301,ALS.SH.1.2,Euthanization,ALSV,Shared,6/27/21,1hr,Infected,6/27/21,1,,263,4465.286621,5075.717773,4720.201172,Pos,4753.735189,,,,,,4753.735189
MR291,EHS.SQ.48.1,Euthanization,EHS3,Sequential,6/29/21,48hr,Naive,7/6/21,1,,265,1132.211304,1141.172974,1110.453613,Pos,1127.945964,,,,,,1127.945964
MR290,ELS.SH.6.2,Died after exposure,TELS,Shared,6/27/21,6hr,Naive,7/1/21,1,,266,499.3152161,390.0241394,363.2980042,Pos,417.5457865,,,,,,417.5457865
MR303,AHS.SH.48.2,Died after exposure,NAHS.SH.48.2,Shared,6/27/21,48hr,Naive,7/4/21,1,Died the day it was supposed to be euthanized,267,377.1069336,319.7548523,263.1425781,Pos,320.0014547,,,,,,320.0014547
MR302,EHS.SQ.48.2,Euthanization,EHS3,Sequential,6/29/21,48hr,Naive,7/6/21,1,,268,948.3353271,1059.924194,879.760498,Pos,962.6733398,,,,,,962.6733398
MR306,ALS.SH.12.2,Euthanization,TALS,Shared,6/27/21,12hr,Naive,7/2/21,1,,269,281.0701599,197.4453278,128.7132874,Pos,202.4095917,,,,,,202.4095917
MR307,AHS.SH.1.1,Euthanization,NAHS.SH.1.1,Shared,6/27/21,1hr,Naive,7/2/21,1,,270,1192.95459,950.2894897,1224.45874,Pos,1122.567607,,,,,,1122.567607
MR308,ELS.SH.6.1,Euthanization,TELS,Shared,6/27/21,6hr,Naive,7/2/21,1,,271,770.1913452,1033.445435,764.2294922,Pos,855.955424,,,,,,855.955424
MR300,ALS.SH.24.1,Euthanization,ALSV,Shared,6/27/21,24hr,Infected,6/28/21,1,,272,926153.25,921734.75,913233.5625,Pos,920373.8542,,,,,,920373.8542
MR288,ELS.SH.12.3,Euthanization,TELS,Shared,6/27/21,12hr,Naive,7/2/21,1,,273,636.5756226,602.9602051,545.5698242,Pos,595.0352173,,,,,,595.0352173
MR289,ALS.SH.6.2,Euthanization,TALS,Shared,6/27/21,6hr,Naive,7/2/21,1,,274,269.0672607,194.348877,202.131485,Pos,221.8492076,,,,,,221.8492076
MR287,AHS.SH.6.3,Euthanization,TAHS,Shared,6/27/21,6hr,Naive,7/2/21,1,,275,678.1643066,531.3249512,657.7810669,Pos,622.4234416,,,,,,622.4234416
MR286,ALS.SH.6.1,Euthanization,ALSV,Shared,6/27/21,6hr,Infected,6/27/21,1,,276,292441.5313,275752.7188,263704.3125,Pos,277299.5208,,,,,,277299.5208
MR304,ELS.SH.1.2,Euthanization,ELSV,Shared,6/27/21,1hr,Infected,6/27/21,1,,277,217875.7031,217911.5781,240481.5,Pos,225422.9271,,,,,,225422.9271
MR305,ELS.SH.24.3,Died during exposure,TELS,Shared,6/27/21,24hr,Naive,6/28/21,1,FOUND DEAD AT THE END OF EXPOSURE,278,431.5171204,342.7110901,308.4989624,Pos,360.9090576,,,,,,360.9090576
MR271,EHS.SQ.1.1,Euthanization,EHS5,Sequential,6/27/21,1hr,Naive,7/4/21,1,,279,504.3382263,696.0414429,498.2038269,Pos,566.1944987,,,,,,566.1944987
MR272,EHS.SH.12.2,Euthanization,EHSV,Shared,6/27/21,12hr,Infected,6/27/21,1,,280,0,57.12459564,51.25538635,Pos,36.12666066,,,,,,36.12666066
MR269,ALS.SH.24.1,Died after exposure,TALS,Shared,6/27/21,24hr,Naive,6/28/21,1,This animal was a naive animal that was mistakenly euthanized immediately after the exposure. ,281,71.53587341,50.69687653,57.09447098,Pos,59.77574031,,,,,,59.77574031
MR270,AHS.SQ.48.1,Euthanization,AHS2,Sequential,6/29/21,48hr,Naive,7/6/21,1,,282,142.316803,154.4409637,287.2048035,Pos,194.6541901,,,,,,194.6541901
MR299,ALS.SQ.1.3,Euthanization,ALS4,Sequential,6/27/21,1hr,Naive,7/4/21,1,,283,770.9587402,746.911438,703.7746582,Pos,740.5482788,,,,,,740.5482788
MR281,ALS.SH.48.3,Euthanization,NALS.SH.48.3,Shared,6/27/21,48hr,Naive,7/4/21,1,,284,55155280,47197272,45231820,Pos,49194790.67,,,,,,49194790.67
MR390,EHS.SQ.1.3,Euthanization,EHS5,Sequential,6/27/21,1hr,Naive,7/4/21,1,,285,303.6867065,270.1001282,319.327301,Pos,297.7047119,,,,,,297.7047119
MR391,ELS.SH.6.2,Euthanization,ELSV,Shared,6/27/21,6hr,Infected,6/27/21,1,,286,4872.024,5168.88303,4707.2099,Pos,4916.038977,,,,,,4916.038977
MR392,ALS.SQ.48.2,Euthanization,ALS4,Sequential,6/29/21,48hr,Naive,7/6/21,1,,287,4218847.405,4509128.662,4580724.203,Pos,4436233.424,,,,,,4436233.424
MR393,AHS.SH.12.2,Euthanization,TAHS,Shared,6/27/21,12hr,Naive,7/2/21,1,,,,,,,,,,,,,
MR394,ALS.SQ.48.1,Euthanization,ALS4,Sequential,6/29/21,48hr,Naive,7/6/21,1,,288,9877655,10102376.02,9655028.034,Pos,9878353.019,,,,,,9878353.019
MR395,EHS.SH.6.2,Euthanization,TEHS,Shared,6/27/21,6hr,Naive,7/2/21,1,,289,1803.34,2420.7205,1753.607,Pos,1992.555833,,,,,,1992.555833
MR396,AHS.SH.12.3,Euthanization,AHSV,Shared,6/27/21,12hr,Infected,6/27/21,1,,290,1199.908936,12522.14551,0.033411726,Pos,4574.029285,,,,,,4574.029285
MR387,ELS.SH.24.3,Euthanization,ELSV,Shared,6/27/21,24hr,Infected,6/28/21,1,,291,3385546,4002850,3665061.036,Pos,3684485.679,,,,,,3684485.679
MR397,ELS.SH.1.1,Euthanization,ELSV,Shared,6/27/21,1hr,Infected,6/27/21,1,,292,1114745,1097226.5,1013291,Pos,1075087.5,,,,,,1075087.5
MR388,AHS.SH.12.2,Euthanization,AHSV,Shared,6/27/21,12hr,Infected,6/27/21,1,,293,52488.0292,58926.0374,53047.2002,Pos,54820.42227,,,,,,54820.42227
MR389,EHS.SH.24.2,Euthanization,EHSV,Shared,6/27/21,24hr,Infected,6/28/21,1,,294,15692827,16601122,16892226,Pos,16395391.67,,,,,,16395391.67
MR398,EHS.SH.48.3,Died after exposure,NEHS.SH.48.3,Shared,6/27/21,48hr,Naive,7/4/21,1,Found dead on day it was supposed to be euthanized. ,295,358927,378240.08,330995.822,Pos,356054.3007,,,,,,356054.3007
MR399,EHS.SQ.1.2,Euthanization,EHS5,Sequential,6/27/21,1hr,Naive,7/4/21,1,,296,0,4.00582,0,Redo,NA,0,0,0,Neg,0,0
MR279,ALS.SQ.12.1,Euthanization,ALS10,Sequential,6/27/21,12hr,Naive,7/4/21,1,,297,14093,13755.64811,13858.1103,Pos,13902.2528,,,,,,13902.2528
MR278,ALS.SH.1.1,Euthanization,ALSV,Shared,6/27/21,1hr,Infected,6/27/21,1,,298,455.019203,503.015639,437.8993,Pos,465.3113807,,,,,,465.3113807
MR274,ELS.SH.48.1,Euthanization,TELS,Shared,6/27/21,48hr,Naive,7/4/21,1,,299,3260195,3008371.772,3588637.341,Pos,3285734.704,,,,,,3285734.704
MR275,EHS.SH.12.1,Euthanization,TEHS,Shared,6/27/21,12hr,Naive,7/2/21,1,,300,120366.93,115042.7986,121890,Pos,119099.9095,,,,,,119099.9095
MR276,ELS.SQ.1.1,Euthanization,ELS1,Sequential,6/27/21,1hr,Naive,7/4/21,1,,,,,,,,,,,,,
MR277,ELS.SQ.6.2,Euthanization,ELS1,Sequential,6/27/21,6hr,Naive,7/4/21,1,,301,3301.39,2872.8667,3414.91223,Pos,3196.389643,,,,,,3196.389643
MR273,AHS.SQ.1.2,Euthanization,AHS4,Sequential,6/27/21,1hr,Naive,7/4/21,1,,302,0,0,0,Neg,0,,,,,,0
MR309,AHS.SQ.12.3,Euthanization,AHS3,Sequential,6/27/21,12hr,Naive,7/4/21,1,,303,16480.284,18993.0582,15973.33012,Pos,17148.89077,,,,,,17148.89077
MR310,ALS.SQ.12.2,Euthanization,ALS10,Sequential,6/27/21,12hr,Naive,7/4/21,1,,304,48772.3882,567281,53095.0029,Pos,223049.4637,,,,,,223049.4637
MR311,AHS.SQ.6.3,Euthanization,AHS4,Sequential,6/27/21,6hr,Naive,7/4/21,1,,305,1992.9214,2304.77503,2177.088,Pos,2158.261477,,,,,,2158.261477
MR312,ELS.SQ.6.3,Euthanization,ELS1,Sequential,6/27/21,6hr,Naive,7/4/21,1,,306,992.440393,1002.34556,972.043,Pos,988.9429843,,,,,,988.9429843
MR313,ALS.SQ.1.2,Euthanization,ALS4,Sequential,6/27/21,1hr,Naive,7/4/21,1,,307,0,0,0,Neg,0,,,,,,0
MR314,ELS.SQ.12.1,Euthanization,ELS1,Sequential,6/27/21,12hr,Naive,7/4/21,1,,,,,,,,,,,,,
MR315,ALS.SH.48.1,Died after exposure,TALS,Shared,6/27/21,48hr,Naive,7/4/21,1,Died the day the animal was supposed to be euthanized. ,308,5419227.037,6020885.755,5478734,Pos,5639615.597,,,,,,5639615.597
MR316,EHS.SQ.6.3,Euthanization,EHS5,Sequential,6/27/21,6hr,Naive,7/4/21,1,,309,0,98.2307,0,Redo,NA,0,99.0237,134.048,Pos,55.21706667,55.21706667
MR439,ALS.SQ.48.3,Euthanization,ALS4,Sequential,6/29/21,48hr,Naive,7/6/21,1,,310,4901121,5504992,48726219.04,Pos,19710777.35,,,,,,19710777.35
MR440,ELS.SQ.6.1,Euthanization,ELS1,Sequential,6/27/21,6hr,Naive,7/4/21,1,,311,0,0,0,Neg,0,,,,,,0
MR409,EHS.SH.1.C,Euthanization,EHS6,Shared,7/11/21,1hr,Control (pseudo-infected),7/11/21,2,,312,0,0,0,Neg,0,,,,,,0
MR428,EHS.SH.1.C,Euthanization,EHS7,Shared,7/11/21,1hr,Control (pseudo-naive),7/16/21,2,,313,0,0,0,Neg,0,,,,,,0
MR268,ELS.SH.1.C,Euthanization,ELSC2,Shared,7/11/21,1hr,Control (pseudo-infected),7/11/21,2,,314,0,0,0,Neg,0,,,,,,0
MR262,ELS.SH.1.C,Euthanization,ELS11,Shared,7/11/21,1hr,Control (pseudo-naive),7/16/21,2,,315,0,0,0,Neg,0,,,,,,0
MR256,AHS.SH.1.C,Euthanization,AHS6,Shared,7/11/21,1hr,Control (pseudo-infected),7/11/21,2,,316,0,0.95712,0,Redo,NA,0,0,0,Neg,0,0
MR267,AHS.SH.1.C,Euthanization,AHS10,Shared,7/11/21,1hr,Control (pseudo-naive),7/16/21,2,,317,0,0,0,Neg,0,,,,,,0
MR263,ALS.SH.1.C,Euthanization,ALS6,Shared,7/11/21,1hr,Control (pseudo-infected),7/11/21,2,,318,1.0038,0,0,Redo,NA,0,0,0,Neg,0,0
MR260,ALS.SH.1.C,Euthanization,ALS5,Shared,7/11/21,1hr,Control (pseudo-naive),7/16/21,2,,319,0,0,0,Neg,0,,,,,,0
MR266,AHS.SH.48.C,Euthanization,AHS6,Shared,7/11/21,48hr,Control (pseudo-infected),7/13/21,2,,320,0,0,0,Neg,0,,,,,,0
MR265,EHS.SH.48.C,Euthanization,EHS6,Shared,7/11/21,48hr,Control (pseudo-infected),7/13/21,2,,321,0,0,0,Neg,0,,,,,,0
MR264,ELS.SH.48.C,Euthanization,ELSC2,Shared,7/11/21,48hr,Control (pseudo-infected),7/13/21,2,,322,0,0,0,Neg,0,,,,,,0
MR255,ALS.SH.12.C,Euthanization,ALS6,Shared,7/11/21,12hr,Control (pseudo-infected),7/11/21,2,,323,0,0,0,Neg,0,,,,,,0
MR254,AHS.SH.12.C,Euthanization,AHS6,Shared,7/11/21,12hr,Control (pseudo-infected),7/11/21,2,,324,0,0,0,Neg,0,,,,,,0
MR253,EHS.SH.12.C,Euthanization,EHS6,Shared,7/11/21,12hr,Control (pseudo-infected),7/11/21,2,,325,0,0,0,Neg,0,,,,,,0
MR252,ELS.SH.12.C,Euthanization,ELSC2,Shared,7/11/21,12hr,Control (pseudo-infected),7/11/21,2,,326,0,0,0,Neg,0,,,,,,0
MR42,ALS.SH.24.C,Euthanization,ALSC1,Shared,6/27/21,24hr,Control (pseudo-infected),6/28/21,1,,327,0,0,0,Neg,0,,,,,,0
MR41,EHS.SH.24.C,Euthanization,EHSC1,Shared,6/27/21,24hr,Control (pseudo-infected),6/28/21,1,,328,0,0,0,Neg,0,,,,,,0
MR40,AHS.SH.24.C,Euthanization,AHSC1,Shared,6/27/21,24hr,Control (pseudo-infected),6/28/21,1,,329,0,0,0,Neg,0,,,,,,0
MR39,ELS.SH.24.C,Euthanization,ELSC1,Shared,6/27/21,24hr,Control (pseudo-infected),6/28/21,1,,330,0,0,0,Neg,0,,,,,,0
MR27,ALS.SH.6.C,Euthanization,ALSC1,Shared,6/27/21,6hr,Control (pseudo-infected),6/27/21,1,,331,0,0,0,Neg,0,,,,,,0
MR26,EHS.SH.6.C,Euthanization,EHSC1,Shared,6/27/21,6hr,Control (pseudo-infected),6/27/21,1,,332,0,0.1154,0,Redo,NA,0,0,0,Neg,0,0
MR25,AHS.SH.6.C,Euthanization,AHSC1,Shared,6/27/21,6hr,Control (pseudo-infected),6/27/21,1,,333,0,0,0,Neg,0,,,,,,0
MR24,ELS.SH.6.C,Euthanization,ELSC1,Shared,6/27/21,6hr,Control (pseudo-infected),6/27/21,1,,334,0,0,0,Neg,0,,,,,,0
MR426,EHS.SQ.48.C,Died after exposure,EHS9,Sequential,7/13/21,48hr,Control (pseudo-naive),7/17/21,2,Died post exposure. The animal had looked bloated for a few days.,335,0,0,0,Neg,0,,,,,,0
MR348,AHS.SQ.1.C,Euthanization,AHS8,Sequential,7/11/21,1hr,Control (pseudo-naive),7/18/21,2,,336,0,0,0,Neg,0,,,,,,0
MR347,ALS.SQ.1.C,Euthanization,ALS11,Sequential,7/11/21,1hr,Control (pseudo-naive),7/18/21,2,,337,0,0,0,Neg,0,,,,,,0
MR346,EHS.SQ.1.C,Euthanization,EHS9,Sequential,7/11/21,1hr,Control (pseudo-naive),7/18/21,2,,338,0,0,0,Neg,0,,,,,,0
MR345,ELS.SQ.1.C,Euthanization,ELS9,Sequential,7/11/21,1hr,Control (pseudo-naive),7/18/21,2,,339,0,0,0,Neg,0,,,,,,0
MR337,ALS.SH.48.C,Euthanization,ALS9,Shared,7/11/21,48hr,Control (pseudo-naive),7/18/21,2,,340,0,0,0,Neg,0,,,,,,0
MR336,AHS.SH.48.C,Euthanization,AHS10,Shared,7/11/21,48hr,Control (pseudo-naive),7/18/21,2,,341,0,0,0,Neg,0,,,,,,0
MR335,ELS.SH.48.C,Euthanization,ELS10,Shared,7/11/21,48hr,Control (pseudo-naive),7/18/21,2,,342,0,0,0,Neg,0,,,,,,0
MR334,EHS.SH.48.C,Euthanization,EHS7,Shared,7/11/21,48hr,Control (pseudo-naive),7/18/21,2,,343,2.45063,0,0,Redo,NA,0,0,0,Neg,0,0
MR159,AHS.SQ.24.C,Euthanization,NAHS.SQ.24.C,Sequential,6/28/21,24hr,Control (pseudo-naive),7/5/21,1,,344,0,0,0,Neg,0,,,,,,0
MR158,EHS.SQ.24.C,Euthanization,NEHS.SQ.24.C,Sequential,6/28/21,24hr,Control (pseudo-naive),7/5/21,1,,345,0,0,0,Neg,0,,,,,,0
MR157,ALS.SQ.24.C,Euthanization,NALS.SQ.24.C,Sequential,6/28/21,24hr,Control (pseudo-naive),7/5/21,1,,346,0,0,0,Neg,0,,,,,,0
MR156,ELS.SQ.24.C,Euthanization,NELS.SQ.24.C,Sequential,6/28/21,24hr,Control (pseudo-naive),7/5/21,1,,347,0,0,0,Neg,0,,,,,,0
MR144,ALS.SQ.6.C,Euthanization,NALS.SQ.6.C,Sequential,6/27/21,6hr,Control (pseudo-naive),7/4/21,1,,348,0,0,0,Neg,0,,,,,,0
MR143,ELS.SQ.6.C,Euthanization,NELS.SQ.6.C,Sequential,6/27/21,6hr,Control (pseudo-naive),7/4/21,1,,349,0,0,0,Neg,0,,,,,,0
MR142,EHS.SQ.6.C,Euthanization,NEHS.SQ.6.C,Sequential,6/27/21,6hr,Control (pseudo-naive),7/4/21,1,,350,0,0,0,Neg,0,,,,,,0
MR141,AHS.SQ.6.C,Euthanization,NAHS.SQ.6.C,Sequential,6/27/21,6hr,Control (pseudo-naive),7/4/21,1,,351,0,0,0,Neg,0,,,,,,0
MR105,ALS.SH.24.C,Euthanization,NALS.SH.24.C,Shared,6/27/21,24hr,Control (pseudo-naive),7/3/21,1,,352,0,0,0,Neg,0,,,,,,0
MR104,AHS.SH.24.C,Euthanization,NAHS.SH.24.C,Shared,6/27/21,24hr,Control (pseudo-naive),7/3/21,1,,353,0,0,0,Neg,0,,,,,,0
MR103,EHS.SH.24.C,Euthanization,NEHS.SH.24.C,Shared,6/27/21,24hr,Control (pseudo-naive),7/3/21,1,,354,0,0,0,Neg,0,,,,,,0
MR102,ELS.SH.24.C,Euthanization,NELS.SH.24.C,Shared,6/27/21,24hr,Control (pseudo-naive),7/3/21,1,,355,0,0,0,Neg,0,,,,,,0
MR88,ELS.SH.6.C,Euthanization,NELS.SH.6.C,Shared,6/27/21,6hr,Control (pseudo-naive),7/2/21,1,,356,0,0,0,Neg,0,,,,,,0
MR87,EHS.SH.6.C,Euthanization,NEHS.SH.6.C,Shared,6/27/21,6hr,Control (pseudo-naive),7/2/21,1,,357,0,0,0,Neg,0,,,,,,0
MR86,AHS.SH.6.C,Euthanization,NAHS.SH.6.C,Shared,6/27/21,6hr,Control (pseudo-naive),7/2/21,1,,358,0,0,0,Neg,0,,,,,,0
MR85,ALS.SH.6.C,Euthanization,NALS.SH.6.C,Shared,6/27/21,6hr,Control (pseudo-naive),7/2/21,1,,359,0,0,0,Neg,0,,,,,,0
MR410,ALS.SH.48.5,Died during exposure,ALS7,Shared,7/11/21,48hr,Infected,7/13/21,2,,,,,,,,,,,,,
MR408,EHS.SH.48.5,Died during exposure,EHS4,Shared,7/11/21,48hr,Infected,7/13/21,2,,22,27880.97461,20188.52148,20614.48828,Pos,22894.66146,,,,,,22894.66146
MR407,EHS.SH.48.6,Died during exposure,EHS4,Shared,7/11/21,48hr,Infected,7/13/21,2,,55,8183040.5,7152983,7537510,Pos,7624511.167,,,,,,7624511.167
MR406,AHS.SH.48.5,Died during exposure,AHS5,Shared,7/11/21,48hr,Infected,7/13/21,2,Very mushy frog.,51,113565.6094,106977.0313,97955.38281,Pos,106166.0078,,,,,,106166.0078
MR405,ELS.SH.48.5,Died during exposure,ELS6,Shared,7/11/21,48hr,Infected,7/13/21,2,,20,23121642,22997516,19404158,Pos,21841105.33,,,,,,21841105.33
MR404,ELS.SH.24.6,Died during exposure,ELS6,Shared,7/11/21,24hr,Infected,7/12/21,2,"There was a mixup transferring SQ to SH, so it seems that 24.4 went to 24.6 and vice versa. This virus animal came from ELS.SQ.24.4",13,340581792,326642688,340901376,Pos,336041952,,,,,,336041952
MR403,ALS.SH.24.4,Died during exposure,ALS9,Shared,7/11/21,24hr,Infected,7/12/21,2,Died in exposure container during exposure,16,107279984,98496272,101836096,Pos,102537450.7,,,,,,102537450.7
MR402,ALS.SH.24.6,Died during exposure,ALS7,Shared,7/11/21,24hr,Infected,7/12/21,2,Found dead at the end of exposure,15,5530262.5,2743784,2901359,Pos,3725135.167,,,,,,3725135.167
MR401,AHS.SQ.24.6,Died during exposure,AHS7,Sequential,7/9/21,24hr,Infected,7/11/21,2,Died during SQ exposure.,14,108.6381073,95.1232605,93.93951416,Pos,99.23362732,,,,,,99.23362732
MR400,EHS.SQ.24.4,Died during exposure,EHS4,Sequential,7/9/21,24hr,Infected,7/11/21,2,"Frog was mushy/starting to decompose, seemed like it had been dead a day or two.",360,8890326,9005821.65,8604441.482,Pos,8833529.711,,,,,,8833529.711
MR188,ALS.SH.48.3,Died during exposure,ALSV,Shared,6/27/21,48hr,Infected,6/29/21,1,This animal was found dead in the exposure container at the end of the exposure time. ,361,4346140,4008544.25,4113832,Pos,4156172.083,,,,,,4156172.083
MR261,ELS.SH.48.6,Euthanization,ELS6,Shared,7/11/21,48hr,Infected,7/13/21,2,,362,5528588,5380993,5510587,Pos,5473389.333,,,,,,5473389.333
MR259,ALS.SH.48.7,Euthanization,ALS3,Shared,7/11/21,48hr,Infected,7/13/21,2,,363,7793305.057,8011430.5,736760.2144,Pos,5513831.924,,,,,,5513831.924
MR258,ALS.SH.48.4,Euthanization,ALS7,Shared,7/11/21,48hr,Infected,7/13/21,2,,,,,,,,,,,,,
MR257,AHS.SH.48.6,Euthanization,AHS5,Shared,7/11/21,48hr,Infected,7/13/21,2,,364,2127809,2440482,1897205,Pos,2155165.333,,,,,,2155165.333
MR243,ALS.SH.12.5,Euthanization,ALS11,Shared,7/11/21,12hr,Infected,7/11/21,2,,365,409820.48,462003.771,440618.862,Pos,437481.0377,,,,,,437481.0377
MR242,ALS.SH.12.7,Euthanization,ALS6,Shared,7/11/21,12hr,Infected,7/11/21,2,,366,8820734.292,912047.732,838442.6113,Pos,3523741.545,,,,,,3523741.545
MR63,ELS.SH.48.2,Euthanization,ELSV,Shared,6/27/21,48hr,Infected,6/29/21,1,,367,21627361,21289485,22701455,Pos,21872767,,,,,,21872767
MR62,EHS.SH.48.3,Euthanization,EHSV,Shared,6/27/21,48hr,Infected,6/29/21,1,,368,16075156,21002084,18944575,Pos,18673938.33,,,,,,18673938.33
MR61,EHS.SH.48.2,Euthanization,EHSV,Shared,6/27/21,48hr,Infected,6/29/21,1,,369,26060320,21779243.32,28381378.72,Pos,25406980.68,,,,,,25406980.68
MR60,EHS.SH.48.1,Euthanization,EHSV,Shared,6/27/21,48hr,Infected,6/29/21,1,,370,6078371.34,5367209.49,5502097,Pos,5649225.943,,,,,,5649225.943
MR59,ELS.SH.48.1,Euthanization,ELSV,Shared,6/27/21,48hr,Infected,6/29/21,1,,371,36901642,38291399,37318035,Pos,37503692,,,,,,37503692
MR58,ALS.SH.48.2,Euthanization,ALSV,Shared,6/27/21,48hr,Infected,6/29/21,1,,372,8782251.583,9052645.545,9090393,Pos,8975096.709,,,,,,8975096.709
MR57,ALS.SH.48.1,Euthanization,ALSV,Shared,6/27/21,48hr,Infected,6/29/21,1,,373,14401380,15285007,16604063,Pos,15430150,,,,,,15430150
MR56,AHS.SH.48.3,Euthanization,AHSV,Shared,6/27/21,48hr,Infected,6/29/21,1,,,,,,,,,,,,,
MR55,AHS.SH.48.2,Euthanization,AHSV,Shared,6/27/21,48hr,Infected,6/29/21,1,,374,10131880.34,9782023.283,10261350.39,Pos,10058418.01,,,,,,10058418.01
MR54,AHS.SH.48.1,Euthanization,AHSV,Shared,6/27/21,48hr,Infected,6/29/21,1,,375,1168867.25,460159.7188,1121040.25,Pos,916689.0729,,,,,,916689.0729
MR53,ALS.SH.24.2,Euthanization,ALSV,Shared,6/27/21,24hr,Infected,6/28/21,1,,376,972954.2,879972.1357,963269.3736,Pos,938731.9031,,,,,,938731.9031
MR51,EHS.SH.24.3,Euthanization,EHSV,Shared,6/27/21,24hr,Infected,6/28/21,1,,377,6105703.43,5832728.927,5935437.476,Pos,5957956.611,,,,,,5957956.611
MR49,EHS.SH.24.1,Euthanization,EHSV,Shared,6/27/21,24hr,Infected,6/28/21,1,,378,4127525.848,3820357.638,4077558.884,Pos,4008480.79,,,,,,4008480.79
MR47,ELS.SH.24.2,Euthanization,ELSV,Shared,6/27/21,24hr,Infected,6/28/21,1,,379,9107339.322,10252993.16,9777110,Pos,9712480.828,,,,,,9712480.828
MR46,ELS.SH.24.1,Euthanization,ELSV,Shared,6/27/21,24hr,Infected,6/28/21,1,,380,1998489,2176799,1937459,Pos,2037582.333,,,,,,2037582.333
MR45,AHS.SH.24.2,Euthanization,AHSV,Shared,6/27/21,24hr,Infected,6/28/21,1,,381,10637125,9843898,9396892,Pos,9959305,,,,,,9959305
MR44,AHS.SH.24.3,Euthanization,AHSV,Shared,6/27/21,24hr,Infected,6/28/21,1,,382,12051750,13193835.48,12865425.77,Pos,12703670.42,,,,,,12703670.42
MR43,AHS.SH.24.1,Euthanization,AHSV,Shared,6/27/21,24hr,Infected,6/28/21,1,,383,8739626,9110769,8760554,Pos,8870316.333,,,,,,8870316.333
MR38,AHS.SH.12.1,Euthanization,AHSV,Shared,6/27/21,12hr,Infected,6/27/21,1,,384,2670989,2733231,2596800,Pos,2667006.667,,,,,,2667006.667
MR37,ELS.SH.12.3,Euthanization,ELSV,Shared,6/27/21,12hr,Infected,6/27/21,1,,385,3033948,3104046,2866432,Pos,3001475.333,,,,,,3001475.333
MR33,ALS.SH.12.2,Euthanization,ALSV,Shared,6/27/21,12hr,Infected,6/27/21,1,,,,,,,,,,,,,
MR30,EHS.SH.12.1,Euthanization,EHSV,Shared,6/27/21,12hr,Infected,6/27/21,1,,386,480586.1928,490170.8,472313.4896,Pos,481023.4941,,,,,,481023.4941
MR28,ALS.SH.12.3,Euthanization,ALSV,Shared,6/27/21,12hr,Infected,6/27/21,1,,387,642485.7256,624065.1946,628826.4118,Pos,631792.444,,,,,,631792.444
MR21,ELS.SH.6.3,Euthanization,ELSV,Shared,6/27/21,6hr,Infected,6/27/21,1,,388,145939.599,141285.41,141742.7,Pos,142989.2363,,,,,,142989.2363
MR17,EHS.SH.6.3,Euthanization,EHSV,Shared,6/27/21,6hr,Infected,6/27/21,1,,389,258221.4,241131.8285,244311.322,Pos,247888.1835,,,,,,247888.1835
MR14,ALS.SH.6.3,Euthanization,ALSV,Shared,6/27/21,6hr,Infected,6/27/21,1,,390,88142.74292,101274.372,95536.82933,Pos,94984.64808,,,,,,94984.64808
MR8,EHS.SH.1.3,Euthanization,EHSV,Shared,6/27/21,1hr,Infected,6/27/21,1,,391,0,0,0,Neg,0,,,,,,0
MR3,AHS.SH.1.1,Euthanization,AHSV,Shared,6/27/21,1hr,Infected,6/27/21,1,,392,49.00285,24.0344,51.99293,Pos,41.67672667,,,,,,41.67672667
MR442,AHS.SQ.48.4,Died after exposure,AHS6,Sequential,7/13/21,48hr,Naive,7/20/21,2,Died euth day.,393,12693481,10887230,11066392,Pos,11549034.33,,,,,,11549034.33
MR441,AHS.SQ.48.6,Died after exposure,AHS12,Sequential,7/13/21,48hr,Naive,7/20/21,2,Found dead on euth day,18,150822192,177400912,144315152,Pos,157512752,,,,,,157512752
MR438,AHS.SQ.48.5,Died after exposure,AHS8,Sequential,7/11/21,48hr,Naive,7/18/21,2,,52,15324747,14157884,12719260,Pos,14067297,,,,,,14067297
MR437,ALS.SQ.24.4,Died after exposure,ALS15,Sequential,7/12/21,24hr,Naive,7/18/21,2,,49,20328.41992,19039.4375,21038.375,Pos,20135.41081,,,,,,20135.41081
MR436,AHS.SQ.6.5,Died after exposure,AHS8,Sequential,7/11/21,6hr,Naive,7/18/21,2,,26,19487440,19892132,15973611,Pos,18451061,,,,,,18451061
MR435,EHS.SQ.12.4,Died after exposure,EHS4,Sequential,7/11/21,12hr,Naive,7/18/21,2,,394,187885.1406,2352045.25,2196750,Pos,1578893.464,,,,,,1578893.464
MR434,EHS.SQ.12.5,Died after exposure,EHS1,Sequential,7/11/21,12hr,Naive,7/18/21,2,,50,242815248,203843856,195114688,Pos,213924597.3,,,,,,213924597.3
MR433,ELS.SQ.12.5,Died after exposure,ELS13,Sequential,7/11/21,12hr,Naive,7/18/21,2,,395,936502.402,1002444,887430.5401,Pos,942125.6474,,,,,,942125.6474
MR432,EHS.SQ.1.6,Died after exposure,EHS3,Sequential,7/11/21,1hr,Naive,7/18/21,2,,48,45670944,37111908,33967444,Pos,38916765.33,,,,,,38916765.33
MR431,ALS.SQ.1.4,Died after exposure,ALS4,Sequential,7/11/21,1hr,Naive,7/18/21,2,,23,46.86175156,50.97190094,52.2324295,Pos,50.02202733,,,,,,50.02202733
MR430,ELS.SH.48.6,Died after exposure,ELS2,Shared,7/11/21,48hr,Naive,7/18/21,2,,17,20218558,18650034,19980876,Pos,19616489.33,,,,,,19616489.33
MR429,EHS.SH.48.4,Died after exposure,EHS7,Shared,7/11/21,48hr,Naive,7/18/21,2,,10,35950800,35438812,37115804,Pos,36168472,,,,,,36168472
MR427,ALS.SH.48.6,Died after exposure,Missing data.,Shared,7/11/21,48hr,Naive,7/18/21,2,,396,29468243,28471635,28570311,Pos,28836729.67,,,,,,28836729.67
MR425,AHS.SH.48.4,Died after exposure,AHS10,Shared,7/11/21,48hr,Naive,7/17/21,2,Died day before it was supposed to be euthanized,46,44358156,37194448,32434096,Pos,37995566.67,,,,,,37995566.67
MR424,AHS.SH.48.6,Died after exposure,AHS9,Shared,7/11/21,48hr,Naive,7/17/21,2,Died day before it was supposed to be euthanized,47,20487120,18167494,16257571,Pos,18304061.67,,,,,,18304061.67
MR423,ELS.SH.48.4,Died after exposure,ELS3,Shared,7/11/21,48hr,Naive,7/17/21,2,,397,46933412,43619168,39695600,Pos,43416060,,,,,,43416060
MR422,EHS.SH.48.5,Died after exposure,EHS2,Shared,7/11/21,48hr,Naive,7/17/21,2,Very mushy.,56,1029565.875,892154.75,890377.125,Pos,937365.9167,,,,,,937365.9167
MR421,ELS.SQ.6.4,Died after exposure,ELS9,Sequential,7/11/21,6hr,Naive,7/17/21,2,,27,547.4637451,503.5111084,495.9654236,Pos,515.646759,,,,,,515.646759
MR420,ALS.SQ.24.6,Died after exposure,ALS15,Sequential,7/12/21,24hr,Naive,7/17/21,2,,19,5165.154785,4145.234863,3902.856689,Pos,4404.415446,,,,,,4404.415446
MR419,ALS.SQ.1.6,Died after exposure,ALS4,Sequential,7/11/21,1hr,Naive,7/17/21,2,,24,2268.436,2890.74,2711.88,Pos,2623.685333,,,,,,2623.685333
MR418,AHS.SQ.1.5,Died after exposure,AHS7,Sequential,7/11/21,1hr,Naive,7/17/21,2,,25,673.465,720.112,701.009,Pos,698.195333,,,,,,698.195333
MR417,AHS.SQ.1.4,Died after exposure,AHS5,Sequential,7/11/21,1hr,Naive,7/17/21,2,,30,172969.75,144284.7813,154772.5,Pos,157342.3438,,,,,,157342.3438
MR416,ELS.SQ.24.4,Died after exposure,ELS4,Sequential,7/12/21,24hr,Naive,7/17/21,2,Died in post exposure container,398,11562948,12299374,10441937,Pos,11434753,,,,,,11434753
MR415,ELS.SH.48.5,Died after exposure,ELS10,Shared,7/11/21,24hr,Naive,7/17/21,2,Died day before it was supposed to be euthanized,21,50240852,47826412,40388284,Pos,46151849.33,,,,,,46151849.33
MR414,EHS.SH.24.7,Died after exposure,EHS7,Shared,7/11/21,24hr,Naive,7/17/21,2,Died on the day it was supposed to be euthanized,399,119808,229376.306,178993.018,Pos,176059.108,,,,,,176059.108
MR413,ELS.SH.24.7,Died after exposure,ELS3,Shared,7/11/21,24hr,Naive,7/17/21,2,Died in post exposure container the day it was supposed to be euthanized,29,910.0234375,761.9455566,1091.327759,Pos,921.0989176,,,,,,921.0989176
MR412,ELS.SQ.24.7,Died after exposure,ELS4,Sequential,7/12/21,24hr,Naive,7/16/21,2,Died in post exposure container,53,114316224,92325056,99439488,Pos,102026922.7,,,,,,102026922.7
MR411,EHS.SQ.1.5,Died during exposure,EHS3,Sequential,7/11/21,1hr,Naive,7/13/21,2,,12,116.240448,99.991539,111.0293427,Pos,109.0871099,,,,,,109.0871099
MR196,AHS.SQ.48.3,Died after exposure,AHS2,Sequential,6/29/21,48hr,Naive,7/4/21,1,,400,3850194,3706621.843,3677402,Pos,3744739.281,,,,,,3744739.281
MR195,ELS.SQ.1.2,Died after exposure,ELS1,Sequential,6/27/21,1hr,Naive,7/4/21,1,,401,123.5093384,102.9025726,122.9695587,Pos,116.4604899,,,,,,116.4604899
MR194,ALS.SQ.1.1,Died after exposure,ALS4,Sequential,6/27/21,1hr,Naive,7/4/21,1,,402,286.9435,352.54309,299.53,Pos,313.00553,,,,,,313.00553
MR185,ELS.SH.6.3,Died during exposure,TELS,Shared,6/27/21,6hr,Naive,6/27/21,1,Found the animal dead and bloated in the exposure container at the end of the exposure time. ,403,199.403,229.43058,94.02501,Pos,174.2861967,,,,,,174.2861967
MR386,ELS.SQ.24.5,Euthanization,ELS12,Sequential,7/12/21,24hr,Naive,7/19/21,2,,45,492.1260376,526.4837036,576.2731323,Pos,531.6276245,,,,,,531.6276245
MR385,ELS.SQ.24.6,Euthanization,ELS9,Sequential,7/12/21,24hr,Naive,7/19/21,2,,42,134720.9531,124346.4063,101971.4531,Pos,120346.2708,,,,,,120346.2708
MR384,EHS.SQ.24.4,Euthanization,EHS9,Sequential,7/12/21,24hr,Naive,7/19/21,2,,43,154345536,135983040,109456448,Pos,133261674.7,,,,,,133261674.7
MR383,EHS.SQ.24.5,Euthanization,EHS1,Sequential,7/12/21,24hr,Naive,7/19/21,2,,44,157.3875427,168.7489777,132.1173248,Pos,152.7512817,,,,,,152.7512817
MR382,EHS.SQ.24.6,Euthanization,Missing data.,Sequential,7/12/21,24hr,Naive,7/19/21,2,,57,682.7600098,631.3886719,644.7856445,Pos,652.9781087,,,,,,652.9781087
MR381,EHS.SQ.24.7,Euthanization,EHS1,Sequential,7/12/21,24hr,Naive,7/19/21,2,,58,4213091,2336276.25,5002585,Pos,3850650.75,,,,,,3850650.75
MR380,ALS.SQ.24.5,Euthanization,ALS2,Sequential,7/12/21,24hr,Naive,7/19/21,2,,404,903458.58,890392.11,910451,Pos,901433.8967,,,,,,901433.8967
MR379,ALS.SQ.24.7,Euthanization,ALS2,Sequential,7/12/21,24hr,Naive,7/19/21,2,,59,323.7472534,480.3534851,419.053009,Pos,407.7179159,,,,,,407.7179159
MR376,AHS.SQ.24.5,Euthanization,AHS8,Sequential,7/12/21,24hr,Naive,7/19/21,2,,60,245.4435577,217.5210876,265.1791077,Pos,242.7145844,,,,,,242.7145844
MR328,EHS.SH.24.6,Euthanization,EHS2,Shared,7/11/21,24hr,Naive,7/17/21,2,,31,310.8400269,386.9198608,384.3267517,Pos,360.6955465,,,,,,360.6955465
MR327,EHS.SH.24.5,Euthanization,EHS7,Shared,7/11/21,24hr,Naive,7/17/21,2,,32,3877072.25,3418327.5,3427682.25,Pos,3574360.667,,,,,,3574360.667
MR326,ELS.SH.24.6,Euthanization,ELS10,Shared,7/11/21,24hr,Naive,7/17/21,2,,37,191.6606598,167.34198,155.476059,Pos,171.4928996,,,,,,171.4928996
MR325,ELS.SH.24.5,Euthanization,ELS3,Shared,7/11/21,24hr,Naive,7/17/21,2,,39,210.3403473,196.6765137,181.8030853,Pos,196.2733154,,,,,,196.2733154
MR324,ELS.SH.24.4,Euthanization,ELS7,Shared,7/11/21,24hr,Naive,7/17/21,2,,405,873940,904038.84,882302,Pos,886760.28,,,,,,886760.28
MR323,ALS.SH.24.8,Euthanization,ALS8,Shared,7/11/21,24hr,Naive,7/17/21,2,,35,4397799,4079085.5,4089631,Pos,4188838.5,,,,,,4188838.5
MR322,ALS.SH.24.7,Euthanization,ALS8,Shared,7/11/21,24hr,Naive,7/17/21,2,,36,283.9899902,216.52771,251.2779694,Pos,250.5985565,,,,,,250.5985565
MR321,ALS.SH.24.6,Euthanization,ALS8,Shared,7/11/21,24hr,Naive,7/17/21,2,,38,100931184,98183736,92107224,Pos,97074048,,,,,,97074048
MR320,ALS.SH.24.5,Euthanization,ALS5,Shared,7/11/21,24hr,Naive,7/17/21,2,,40,109061240,107958552,108545552,Pos,108521781.3,,,,,,108521781.3
MR319,ALS.SH.24.4,Euthanization,ALS13,Shared,7/11/21,24hr,Naive,7/17/21,2,,41,13968070,13963463,13261679,Pos,13731070.67,,,,,,13731070.67
MR318,AHS.SH.24.5,Euthanization,AHS9,Shared,7/11/21,24hr,Naive,7/17/21,2,,34,10692033,9273069,9460471,Pos,9808524.333,,,,,,9808524.333
MR317,AHS.SH.24.4,Euthanization,AHS9,Shared,7/11/21,24hr,Naive,7/17/21,2,,33,17698500,16755230,16495396,Pos,16983042,,,,,,16983042
MR178,ELS.SQ.12.3,Euthanization,ELS1,Sequential,6/27/21,12hr,Naive,7/4/21,1,,406,898243,930461,877410.73,Pos,902038.2433,,,,,,902038.2433
MR174,EHS.SQ.12.2,Euthanization,EHS3,Sequential,6/27/21,12hr,Naive,7/4/21,1,,407,1109730,1099274,987209,Pos,1065404.333,,,,,,1065404.333
MR173,EHS.SQ.12.1,Euthanization,EHS5,Sequential,6/27/21,12hr,Naive,7/4/21,1,,408,717448,699043.3963,752091.7302,Pos,722861.0422,,,,,,722861.0422
MR172,AHS.SQ.12.1,Euthanization,AHS4,Sequential,6/27/21,12hr,Naive,7/4/21,1,,409,2197086,1957621.38,2026451.022,Pos,2060386.134,,,,,,2060386.134
MR171,AHS.SQ.12.2,Euthanization,AHS3,Sequential,6/27/21,12hr,Naive,7/4/21,1,,410,448372.1173,529086,489041.7,Pos,488833.2724,,,,,,488833.2724
MR164,ELS.SQ.48.2,Euthanization,ELS5,Sequential,6/29/21,48hr,Naive,7/6/21,1,,411,7921355,8109292,7739671,Pos,7923439.333,,,,,,7923439.333
MR163,ELS.SQ.48.1,Euthanization,ELS5,Sequential,6/29/21,48hr,Naive,7/6/21,1,,412,9486654,10134667,9240776,Pos,9620699,,,,,,9620699
MR160,EHS.SQ.48.3,Euthanization,EHS3,Sequential,6/29/21,48hr,Naive,7/6/21,1,,413,4287702,5012097.112,4881363.3,Pos,4727054.137,,,,,,4727054.137
MR155,ELS.SQ.24.1,Euthanization,ELS5,Sequential,6/28/21,24hr,Naive,7/5/21,1,,414,,,,,,,,,,,
MR151,EHS.SQ.24.2,Euthanization,EHS3,Sequential,6/28/21,24hr,Naive,7/5/21,1,,415,729086.148,809212,794502.67,Pos,777600.2727,,,,,,777600.2727
MR149,AHS.SQ.24.3,Euthanization,NAHS.SQ.24.3,Sequential,6/28/21,24hr,Naive,7/5/21,1,,416,2367930.98,1984066,2155471.39,Pos,2169156.123,,,,,,2169156.123
MR148,AHS.SQ.24.2,Euthanization,AHS3,Sequential,6/28/21,24hr,Naive,7/5/21,1,,417,457891,503446.014,490112.595,Pos,483816.5363,,,,,,483816.5363
MR147,AHS.SQ.24.1,Euthanization,AHS3,Sequential,6/28/21,24hr,Naive,7/5/21,1,,418,808723.6439,760362.44,750019,Pos,773035.028,,,,,,773035.028
MR146,ALS.SQ.24.2,Euthanization,ALS10,Sequential,6/28/21,24hr,Naive,7/5/21,1,,419,805059.6,779140.729,808659,Pos,797619.7763,,,,,,797619.7763
MR145,ALS.SQ.24.1,Euthanization,ALS10,Sequential,6/28/21,24hr,Naive,7/5/21,1,,420,100828.052,1099430.105,987466,Pos,729241.3857,,,,,,729241.3857
MR132,EHS.SQ.6.1,Euthanization,EHS5,Sequential,6/27/21,6hr,Naive,7/4/21,1,,421,7894.616,80144,7916.033,Pos,31984.883,,,,,,31984.883
MR131,ALS.SQ.6.1,Euthanization,ALS10,Sequential,6/27/21,6hr,Naive,7/4/21,1,,422,10.73702335,16.87513733,22.56175423,Pos,16.7246383,,,,,,16.7246383
MR130,ALS.SQ.6.2,Euthanization,ALS10,Sequential,6/27/21,6hr,Naive,7/4/21,1,,423,5119.334,4808.20346,5092.925,Pos,5006.82082,,,,,,5006.82082
MR129,ALS.SQ.6.3,Euthanization,ALS10,Sequential,6/27/21,6hr,Naive,7/4/21,1,,424,7219,7094.0471,5928.1172,Pos,6747.054767,,,,,,6747.054767
MR127,ALS.SH.48.2,Euthanization,TALS,Shared,6/27/21,48hr,Naive,7/4/21,1,,425,11208466,10988240,10782005,Pos,10992903.67,,,,,,10992903.67
MR123,ELS.SH.48.2,Euthanization,NELS.SH.48.2,Shared,6/27/21,48hr,Naive,7/4/21,1,,426,6288936,6092221.5,5978043,Pos,6119733.5,,,,,,6119733.5
MR118,AHS.SQ.1.3,Euthanization,AHS4,Sequential,6/27/21,1hr,Naive,7/4/21,1,,427,0,14.078,0,Redo,NA,48.038,72.064,0,Pos,22.36333333,22.36333333
MR112,AHS.SH.24.3,Euthanization,TAHS,Shared,6/27/21,24hr,Naive,7/3/21,1,,428,3281104,3033805,248973.67,Pos,2187960.89,,,,,,2187960.89
MR111,AHS.SH.24.2,Euthanization,TAHS,Shared,6/27/21,24hr,Naive,7/3/21,1,,429,893660.5154,960273.1001,849772,Pos,901235.2052,,,,,,901235.2052
MR110,AHS.SH.24.1,Euthanization,TAHS,Shared,6/27/21,24hr,Naive,7/3/21,1,,430,1042686.1,1244882.566,1180244,Pos,1155937.555,,,,,,1155937.555
MR109,ALS.SH.24.2,Euthanization,TALS,Shared,6/27/21,24hr,Naive,7/3/21,1,,431,14772.49902,16671.53711,8457.229492,Pos,13300.42188,,,,,,13300.42188
MR108,EHS.SH.24.3,Euthanization,TEHS,Shared,6/27/21,24hr,Naive,7/3/21,1,,432,21665,20096.3327,21784.934,Pos,21182.0889,,,,,,21182.0889
MR101,ELS.SH.24.2,Euthanization,TELS,Shared,6/27/21,24hr,Naive,7/3/21,1,,433,51340.17863,49872.10386,52618,Pos,51276.76083,,,,,,51276.76083
MR100,ELS.SH.24.1,Euthanization,TELS,Shared,6/27/21,24hr,Naive,7/3/21,1,,434,2774069,2470062.106,24087952.66,Pos,9777361.256,,,,,,9777361.256
MR96,AHS.SH.12.1,Euthanization,TAHS,Shared,6/27/21,12hr,Naive,7/2/21,1,,435,211894.098,174559.0664,188204,Pos,191552.3881,,,,,,191552.3881
MR93,ELS.SH.12.1,Euthanization,TELS,Shared,6/27/21,12hr,Naive,7/2/21,1,,436,87028.0229,94399.0024,82660.12,Pos,88029.04843,,,,,,88029.04843
MR90,EHS.SH.12.2,Euthanization,TEHS,Shared,6/27/21,12hr,Naive,7/2/21,1,,437,63092.116,71449.02701,69004,Pos,67848.381,,,,,,67848.381
MR84,ALS.SH.6.3,Euthanization,TALS,Shared,6/27/21,6hr,Naive,7/2/21,1,,438,3028,3462.2057,3363.057204,Pos,3284.420968,,,,,,3284.420968
MR80,EHS.SH.6.3,Euthanization,TEHS,Shared,6/27/21,6hr,Naive,7/2/21,1,,439,0,0,201.9602,Redo,NA,346.71273,296.013,220.0808,Pos,177.4611217,177.4611217
MR74,EHS.SH.1.3,Euthanization,NEHS.SH.1.3,Shared,6/27/21,1hr,Naive,7/2/21,1,,440,821.3690796,381.5997314,828.5749512,Pos,677.1812541,,,,,,677.1812541
MR72,EHS.SH.1.1,Euthanization,NEHS.SH.1.1,Shared,6/27/21,1hr,Naive,7/2/21,1,,441,91.72126007,87.76670837,101.1141129,Pos,93.5340271,,,,,,93.5340271
MR69,AHS.SH.1.2,Euthanization,NAHS.SH.1.2,Shared,6/27/21,1hr,Naive,7/2/21,1,,442,106.294,182.499,155.932,Pos,148.241667,,,,,,148.241667
MR68,ELS.SH.1.2,Euthanization,NELS.SH.1.2,Shared,6/27/21,1hr,Naive,7/2/21,1,,443,79.49017334,115.3986893,75.72728729,Pos,90.2053833,,,,,,90.2053833
MR66,ALS.SH.1.3,Euthanization,NALS.SH.1.3,Shared,6/27/21,1hr,Naive,7/2/21,1,,444,0,0,2.44,Redo,NA,0,0,0,Neg,0,0
,,,,,,,,,,,,,,,,,,,,,,
,,,,,,,,,,,,,,,,,,,,,,
,,,,,,,,,,,,,,,,,,,,,,
,,,,,,,,,,,,,,,,,,,,,,